{
  "id": "the-island-of-adventure-sd",
  "title": "The Island of Adventure SD",
  "description": "The Island of Adventure for Shadowdark",
  "version": "1.0.0",
  "compatibility": {
    "minimum": "10",
    "verified": "12"
  },
  "authors": [
    {
      "name": "mccaffertyt"
    }
  ],
  "packs": [
    {
      "name": "adventure",
      "label": "the-island-of-adventure-sd",
      "path": "/packs/the-island-of-adventure-sd.db",
      "entity": "Adventure",
      "type": "Adventure",
      "system": "shadowdark"
    }
  ],
  "url": "https://github.com/mccaffertyt/the-island-of-adventure-sd",
  "manifest": "https://raw.githubusercontent.com/mccaffertyt/the-island-of-adventure-sd/main/module.json",
  "download": "https://github.com/mccaffertyt/the-island-of-adventure-sd/raw/main/the-island-of-adventure-sd.zip",
  "manifestPlusVersion": "1.2.0"
}