{
  "id": "shadowdark-jail-break",
  "title": "Shadowdark Jail Break",
  "description": "Jail Break Adventure for Shadowdark",
  "version": "1.0.0",
  "compatibility": {
    "minimum": "10",
    "verified": "12"
  },
  "authors": [
    {
      "name": "mccaffertyt"
    }
  ],
  "packs": [
    {
      "name": "adventure",
      "label": "shadowdark-jail-break",
      "path": "/packs/shadowdark-jail-break.db",
      "entity": "Adventure",
      "type": "Adventure",
      "system": "shadowdark"
    }
  ],
  "url": "https://github.com/mccaffertyt/shadowdark-jail-break",
  "manifest": "https://raw.githubusercontent.com/mccaffertyt/shadowdark-jail-break/main/module.json",
  "download": "https://github.com/mccaffertyt/shadowdark-jail-break/raw/main/shadowdark-jail-break.zip",
  "manifestPlusVersion": "1.2.0"
}